model,MAE,RMSE,R2,training_seconds
Decision Tree Baseline,0.5806396084732741,0.7927951233010617,0.5071913009920548,0.27
LightGBM Gradient Boosting,0.5403314647477431,0.7063184587187847,0.6088372078010593,0.42
